series_number,part_number,item_number,level,title,call_number,object_number,priref,intellectual_entity,date_string,date_start,date_end,quantity,url,parent_url,number_images,images,description,subjects,topics,people,places
1,1.0,9,ITEM,"Item 009: Tribune negatives including Transport Workers' Union meeting at Sydney Stadium and Woolworths window display, 1965",ON 161/Item 009,1046110,110370028,IE4516853,1965,1965-01-01 00:00:00,1965-12-31 00:00:00,29 negatives,http://archival.sl.nsw.gov.au/Details/archive/110370028,http://archival.sl.nsw.gov.au/Details/archive/110366604,29,FL4516855|FL4516857|FL4516860|FL4516861|FL4516863|FL4516864|FL4516865|FL4516866|FL4516868|FL4516869|FL4516872|FL4516874|FL4516875|FL4516876|FL4516877|FL4516881|FL4516882|FL4516883|FL4516885|FL4516887|FL4516889|FL4516891|FL4516893|FL4516894|FL4516896|FL4516898|FL4516899|FL4516901|FL4516903,"Original negative sleeve annotated Nos. 1-9 Transport workers at stadium, Feb. 65|Includes:|TWU [Transport Workers' Union] meeting at Sydney Stadium, 19 February 1965, Row 1-2.|War toys at Woolworths, 25 June 1965.|Wharfies being interviewed re penal powers, 25 June 1965",Labor unions--New South Wales--Sydney.,trade unionists|meetings|window displays|toys|trade unions|wharf labourers,Transport Workers Union of Australia. New South Wales Branch,"Sydney Stadium (Rushcutters Bay, N.S.W.)"
1,1.0,18,ITEM,"Item 018: Tribune negatives including Transport Workers Union of Australia meeting at Wentworth Park, Sydney, New South Wales, 1964",ON 161/Item 018,1046129,110370045,IE4515453,1964,1964-01-01 00:00:00,1964-12-31 00:00:00,33 negatives,http://archival.sl.nsw.gov.au/Details/archive/110370045,http://archival.sl.nsw.gov.au/Details/archive/110366604,33,FL4515455|FL4515456|FL4515457|FL4515458|FL4515459|FL4515460|FL4515461|FL4515462|FL4515463|FL4515464|FL4515465|FL4515466|FL4515467|FL4515468|FL4515469|FL4515470|FL4515472|FL4515473|FL4515474|FL4515475|FL4515476|FL4515477|FL4515478|FL4515479|FL4515480|FL4515481|FL4515482|FL4515483|FL4515484|FL4515485|FL4515486|FL4515487|FL4515488,"Original negative sleeve titled No. 18 Sydney, Dec. 64.|Original negative sleeve annotated:|nos. 1-29 Transport Workers Union at Wentworth Park, Dec. 64|Includes:|T.W.U. meeting at Harold Park, Sydney, 15 December 1964.",Transport workers--Labor unions--New South Wales.|Labor unions--New South Wales--Sydney.,trade unionists|trade union officials|crowds|meetings|trade unions|posters & placards|workers,Transport Workers Union of Australia. New South Wales Branch,"Wentworth Park (Sydney, N.S.W.)"
1,1.0,19,ITEM,"Item 019: Tribune negatives including price rise campaign by Union of Australian Women, Joe Mateole, and Australian Labor Party 74th Annual Conference, Sydney Town Hall, New South Wales, 1964-1965",ON 161/Item 019,1046130,110370046,IE4517342,1964-1965,1964-01-01 00:00:00,1965-12-31 00:00:00,35 negatives,http://archival.sl.nsw.gov.au/Details/archive/110370046,http://archival.sl.nsw.gov.au/Details/archive/110366604,35,FL4517344|FL4517349|FL4517350|FL4517351|FL4517352|FL4517353|FL4517355|FL4517358|FL4517360|FL4517364|FL4517365|FL4517367|FL4517368|FL4517369|FL4517372|FL4517374|FL4517375|FL4517376|FL4517378|FL4517379|FL4517381|FL4517384|FL4517386|FL4517387|FL4517390|FL4517391|FL4517392|FL4517394|FL4517395|FL4517397|FL4517398|FL4517403|FL4517404|FL4517405|FL4517406,"Original negative sleeve titled No. 19 Late 1964|Original negative sleeve annotated:|nos. 1-16 Price Rise Campaign by U.A.W. [Union of Australian Women], summer 1964.|nos. 17-23 Tongan M.P. Joe Mateole and Tongan ship [Niuvakai], 1964.|nos. 24-27 Homes of the Wealthy '64.|Includes:|[Australian Labor Party 74th Annual Conference, Sydney Town Hall, 1965]",,petitions|Tongans|conventions|houses|residential streets|ships,"Union of Australian Women|Australian Labor Party. New South Wales Branch. Conference. (1965 : Sydney, N.S.W.)","Sydney Town Hall (Sydney, N.S.W.)"
1,1.0,21,ITEM,"Item 021: Tribune negatives including Building Workers' Industrial Union of Australia picnic at Gunnamatta Bay, 1964.",ON 161/Item 021,1048213,110370049,IE4516206,1964,1964-01-01 00:00:00,1964-12-31 00:00:00,36 negatives,http://archival.sl.nsw.gov.au/Details/archive/110370049,http://archival.sl.nsw.gov.au/Details/archive/110366604,36,FL4516208|FL4516210|FL4516211|FL4516212|FL4516213|FL4516214|FL4516215|FL4516216|FL4516217|FL4516220|FL4516221|FL4516224|FL4516225|FL4516227|FL4516229|FL4516230|FL4516232|FL4516233|FL4516236|FL4516237|FL4516239|FL4516240|FL4516241|FL4516243|FL4516244|FL4516245|FL4516246|FL4516248|FL4516251|FL4516252|FL4516253|FL4516254|FL4516255|FL4516256|FL4516257|FL4516260,"Original negative sleeve titled No. 21 Late 1964.|Original negative sleeve annotated:|Nos. 1-34 B.W.I.U. [Building Workers' Industrial Union] picnic at Gunnamatta Bay, 1964.|[Copy negatives of a male taken from a television].",Labor unions--New South Wales--Sydney.,running races|children|union picnics|games|tug of war|train rides,Building Workers' Industrial Union of Australia.,Gunnamatta Bay (N.S.W.)
1,1.0,47,ITEM,"Item 047: Tribune negatives including Building Workers' Industrial Union of Australia conference opening, and religious event at State Theatre, New South Wales, August 1965",ON 161/Item 047,1051083,110370227,IE4519410,August 1965,1965-08-01 00:00:00,1965-08-31 00:00:00,30 negatives,http://archival.sl.nsw.gov.au/Details/archive/110370227,http://archival.sl.nsw.gov.au/Details/archive/110366604,30,FL4519412|FL4519414|FL4519415|FL4519417|FL4519419|FL4519421|FL4519423|FL4519425|FL4519427|FL4519428|FL4519429|FL4519430|FL4519431|FL4519433|FL4519434|FL4519435|FL4519436|FL4519437|FL4519439|FL4519441|FL4519442|FL4519443|FL4519444|FL4519445|FL4519446|FL4519447|FL4519448|FL4519449|FL4519450|FL4519454,"Includes:|Preach-In at State Theatre : A. Walker, G. Miller, Bishop Moyes, J. Webb, 1 August 1965, Rows 1-2, nos. 1,2.|B.W.I.U. [Building Workers' Industrial Union] Conference opening, 2 August 1965, Row 3, nos. 4-6.|[See also ON 161/Item 049]",Labor unions--New South Wales.,musicians|audiences|ministers of religion|conventions|religious activities,"Building Workers' Industrial Union of Australia.|Moyes, John Stoward, 1884-1972|Walker, Alan, 1911-2003",
1,2.0,51,ITEM,"Item 051: Tribune negatives including Amalgamated Engineering Union delegates meeting at Trades Hall, Sydney, and civic reception, Sydney Town Hall, New South Wales, July-August 1965",ON 161/Item 051,1046086,110370011,IE4516396,July-August 1965,1965-01-01 00:00:00,1965-12-31 00:00:00,30 negatives,http://archival.sl.nsw.gov.au/Details/archive/110370011,http://archival.sl.nsw.gov.au/Details/archive/110366554,30,FL4516398|FL4516403|FL4516406|FL4516410|FL4516414|FL4516416|FL4516419|FL4516421|FL4516423|FL4516426|FL4516429|FL4516432|FL4516435|FL4516438|FL4516440|FL4516441|FL4516443|FL4516446|FL4516449|FL4516450|FL4516453|FL4516455|FL4516457|FL4516458|FL4516460|FL4516463|FL4516467|FL4516470|FL4516473|FL4516476,"Original negative sleeve titled No. 51 Betty Cuthbert|Includes:|Bruce Steele, 27 August 1965, Row 5, nos. 2-6.|Copy: the Real Facts on Vietnam, 3 August 1965. [Copy negatives of The real facts about S. Vietnam: a reply to the Liberal Party].|Civic reception, Sydney Town Hall, H. Jensen, Betty Cuthbert, Ian Walsh.|A.E.U. [Amalgamated Engineering Union] delegates meeting at Trades Hall, 28 July 1965, Rows 1-4 : 1-2.",Labor unions--Australia--Officials and employees.,receptions|trade unions|trade union officials|meetings|audiences|musicians,"Cuthbert, Betty, 1938-|Jensen, Henry Frederick, 1913-|Amalgamated Engineering Union. Australian Section.",
1,2.0,54,ITEM,"Item 054: Tribune negatives including Transport Workers' Union of Australia and wharfie delegations, Sydney ; Save Our Sons protest, Martin Place, Sydney ; and Waverley Bus Depot, Sydney, New South Wales, August 1965",ON 161/Item 054,1051208,110370289,IE4519081,August 1965,1965-08-01 00:00:00,1965-08-31 00:00:00,34 negatives,http://archival.sl.nsw.gov.au/Details/archive/110370289,http://archival.sl.nsw.gov.au/Details/archive/110366554,34,FL4519083|FL4519089|FL4519091|FL4519092|FL4519097|FL4519100|FL4519101|FL4519102|FL4519103|FL4519104|FL4519105|FL4519109|FL4519110|FL4519111|FL4519113|FL4519117|FL4519123|FL4519124|FL4519126|FL4519128|FL4519129|FL4519130|FL4519131|FL4519133|FL4519135|FL4519136|FL4519137|FL4519138|FL4519140|FL4519148|FL4519153|FL4519155|FL4519157|FL4519159,"Includes:|Buses at Waverley Depot ; Driver and Bus conductress ; TWU [Transport Workers' Union] delegates at Trades Hall, 23 August 1965.||Meat in shop window ; Wharfie delegation at Anzac House ; S.O.Sons [Save Our Sons (SOS)] demo at Martin Place, Sydney, 12 August 1965.|Pat Mackie, 16 August 1965, Row 1, nos. 1-2.|Mrs K. Brown (writer), Row 5 ; Flower resembling the Kings X [Kings Cross] fountain, 21 August 1965.","Labor unions--Australia--Officials and employees.|Vietnam War, 1961-1975--Protest movements--New South Wales--Sydney",trade unionists|bus drivers|bus conductors|bus depots|buses|trade union officials|trade unions|demonstrations|posters & placards|meat|butcher shops,"Mackie, Pat, 1914-2009|Transport Workers' Union of Australia","Waverley Bus Depot (Oxford Street, Bondi Junction, N.S.W.)"
1,2.0,56,ITEM,"Item 056: Tribune negatives including Printing & Kindred Industries Union meeting, Australian Council of Trade Unions Congress, and demonstration, George Street, Sydney, New South Wales, 13-14 September 1965",ON 161/Item 056,1051264,110370320,IE4516178,13-14 September 1965,1965-09-01 00:00:00,1965-09-30 00:00:00,34 negatives,http://archival.sl.nsw.gov.au/Details/archive/110370320,http://archival.sl.nsw.gov.au/Details/archive/110366554,34,FL4516180|FL4516181|FL4516182|FL4516183|FL4516184|FL4516185|FL4516186|FL4516187|FL4516188|FL4516189|FL4516190|FL4516191|FL4516192|FL4516193|FL4516194|FL4516195|FL4516196|FL4516197|FL4516198|FL4516199|FL4516200|FL4516201|FL4516202|FL4516203|FL4516204|FL4516205|FL4516209|FL4516218|FL4516219|FL4516222|FL4516223|FL4516226|FL4516228|FL4516231,"Includes:|PKIU [Printing & Kindred Industries Union] Teach-In at Graphic Club: Prof. E. Wheelwright, Lionel Murphy, Tom Hughes, G. Fairbairn ; ACTU [Australian Council of Trade Unions] Congress, 13 September 1965, Row 1 and 2, nos. 2-4.|ACTU [Australian Council of Trade Unions] Congress, 14 September 1965.|[Demonstration, George Street, Sydney, N.S.W.].",Australian Council of Trade Unions--Congresses.|Labor unions--Australia.|Labor unions--Congresses.,audiences|conventions|meetings|demonstrations|posters & placards,"Printing and Kindred Industries Union|Australian Council of Trade Unions|Wheelwright, E. L. (Edward Lawrence)|Murphy, Lionel, 1922-1986|Fairbairn, Geoffrey (Geoffrey Forrester), 1924-1980","Sydney Town Hall (Sydney, N.S.W.)|George Street (Sydney, N.S.W.)"
1,2.0,57,ITEM,"Item 057: Tribune negatives including ships Bilkurra, Tricolor, and Cornwall ; shield for Junior Eureka League Sports Day ; and Transport Workers' Union of Australia meeting, Moore Park, New South Wales, August-September 1965",ON 161/Item 057,1053683,110370339,IE4518558,August-September 1965,1965-01-01 00:00:00,1965-12-31 00:00:00,35 negatives,http://archival.sl.nsw.gov.au/Details/archive/110370339,http://archival.sl.nsw.gov.au/Details/archive/110366554,35,FL4518560|FL4518561|FL4518562|FL4518563|FL4518564|FL4518566|FL4518567|FL4518568|FL4518570|FL4518572|FL4518575|FL4518576|FL4518578|FL4518579|FL4518580|FL4518582|FL4518583|FL4518585|FL4518586|FL4518587|FL4518588|FL4518589|FL4518590|FL4518591|FL4518595|FL4518596|FL4518597|FL4518598|FL4518599|FL4518601|FL4518602|FL4518603|FL4518605|FL4518607|FL4518609,"Includes:|TWU [Transport Workers' Union] meeting, Moore Park. Harry Hatfield ; Dr. Lloyd Ross, 30 August 1965, Rows 2-4.|Conference Line Ship: Cornwall, 7 September 1965 [includes ships Bilkurra, Tricolor, and Cornwall].||Southern Cross Shield for J.E.L. [Junior Eureka League] Sports Day, 26/9/65, 10 September 1965, Row 6.",Labor unions -- New South Wales -- Officials and employees.|Labor unions--New South Wales--Sydney.|Transport workers--Labor unions--New South Wales.,ships|jetties & wharves|trade unionists|meetings|trade union officials|trade unions|shields (prizes),"Tricolor (ship)|Cornwall (Ship)|Transport Workers' Union of Australia|Ross, Lloyd (Lloyd Maxwell), 1901-1987","Moore Park (Sydney, N.S.W.)"
1,2.0,60,ITEM,"Item 060: Tribune negatives including portrait of Elfrida Morcom, and Transport Workers' Union of Australia workers lobbying Labor Council of New South Wales, November 1965",ON 161/Item 060,1054477,110370368,IE4517979,November 1965,1965-01-01 00:00:00,1965-12-31 00:00:00,36 negatives,http://archival.sl.nsw.gov.au/Details/archive/110370368,http://archival.sl.nsw.gov.au/Details/archive/110366554,36,FL4517981|FL4517985|FL4517986|FL4517987|FL4517988|FL4517989|FL4517991|FL4517992|FL4517993|FL4517994|FL4517996|FL4517998|FL4518001|FL4518003|FL4518005|FL4518007|FL4518008|FL4518009|FL4518010|FL4518011|FL4518013|FL4518016|FL4518018|FL4518020|FL4518022|FL4518024|FL4518026|FL4518031|FL4518032|FL4518033|FL4518034|FL4518035|FL4518038|FL4518040|FL4518042|FL4518043,"Includes:|Elfrida Morcom, 5 November 1965, Row 3. nos. 3-4.|L. Aarons & W. Woods [Bill Wood or W. A. Wood] on TV interview and debate regarding Captive Nations Week ; Prof. E. Wheelwright on T.V. forum regarding Foreign Investment in Australia ; TV Pix : South Africa's Ian Smith, 1 November 1965 [negatives photographed from television screen]||Tooheys maintenance workers at Trades Hall ; T.W.U. [Transport Workers' Union] workers lobbying New South Wales Labor Council, 3 November 1965.",Transport workers--Labor unions--New South Wales.|Labor unions--New South Wales.,portraits|meetings|trade unionists,"Morcom, Elfrida|Aarons, Laurie, 1917-2005|Wood, Bill, 1911-1976|Wheelwright, E. L. (Edward Lawrence)|Transport Workers' Union of Australia",
1,2.0,76,ITEM,"Item 076: Tribune negatives including Peace Workshop, judo championships, war toys display, and demonstration outside Central Police Court, Sydney, New South Wales, October-November 1965",ON 161/Item 076,1055026,110370458,IE4520456,October-November 1965,1965-01-01 00:00:00,1965-12-31 00:00:00,36 negatives,http://archival.sl.nsw.gov.au/Details/archive/110370458,http://archival.sl.nsw.gov.au/Details/archive/110366554,36,FL4520458|FL4520459|FL4520460|FL4520461|FL4520462|FL4520463|FL4520464|FL4520465|FL4520466|FL4520467|FL4520468|FL4520469|FL4520470|FL4520471|FL4520472|FL4520473|FL4520474|FL4520475|FL4520476|FL4520477|FL4520478|FL4520479|FL4520480|FL4520481|FL4520482|FL4520483|FL4520484|FL4520485|FL4520486|FL4520487|FL4520488|FL4520489|FL4520490|FL4520491|FL4520492|FL4520493,"Includes:|Demo at Central Court regarding 51 arrests, 25 October 1965.|War Toys display at UAW [Union of Australian Women], 15 October 1965.|New South Wales Inter Club mens senior team Judo Championships Sefton High School ; Peace Workshops: Mr Pollard, Prof. E. Wheelwright, Pat Ashcroft, Dr. Newman ; N. Hazard in dark-room, 6 November 1965.|[Aboriginal Conference at Building Workers' Industrial Union?].|[Education protest].","Demonstrations--New South Wales--Sydney.|Vietnam War, 1961-1975--Protest movements--New South Wales--Sydney",meetings|audiences|judo|toys|conventions|posters & placards|demonstrations|courthouses|Aboriginal peoples (Australians)|photographers|darkrooms,"Hall, Harry, 1924-2013|Wheelwright, E. L. (Edward Lawrence)|Hazard, Noel|Rigby, William Matthew, 1923-2003|Union of Australian Women","Central Police Court (Liverpool Street, Sydney, N.S.W.)"
1,3.0,123,ITEM,"Item 123: Tribune negatives including a wages and prices rally at Wynyard Park, and  an anti-Vietnam war meeting in Balmain Town Hall, May 1966",ON 161/Item 123,1260027,110373948,IE4523781,May 1966,1966-05-01 00:00:00,1966-05-31 00:00:00,35 negatives,http://archival.sl.nsw.gov.au/Details/archive/110373948,http://archival.sl.nsw.gov.au/Details/archive/110373897,35,FL4523783|FL4523784|FL4523786|FL4523787|FL4523788|FL4523790|FL4523792|FL4523793|FL4523795|FL4523796|FL4523797|FL4523798|FL4523800|FL4523801|FL4523802|FL4523803|FL4523805|FL4523806|FL4523807|FL4523808|FL4523809|FL4523811|FL4523812|FL4523814|FL4523818|FL4523821|FL4523823|FL4523825|FL4523826|FL4523828|FL4523829|FL4523830|FL4523832|FL4523834|FL4523835,"Original negative sleeve titled Basic wages rally, Wynyard Pk, 18.5.66.|Includes:|Wages and prices rally, Wynyard Park, May 1966, Rows 3-6.|Arthur Calwell and Issy Wyner, anti-Vietnam war meeting, Balmain Town Hall, May 1966, Row 1 and row 2, nos. 1-2.","Demonstrations--New South Wales--Sydney.|Vietnam War, 1961-1975--Protest movements--New South Wales--Sydney",demonstrations|politicians|rallies|wages,"Calwell, Arthur A. (Arthur Augustus), 1896-1973|Wyner, Issy|Australian Council of Trade Unions","Wynyard Park (Sydney, N.S.W.)|Balmain Town Hall (Balmain, N.S.W.)"
1,3.0,147,ITEM,"Item 147: Tribune negatives including Seamen's Union meeting, and officials inspecting Botany Bay, August 1966",ON 161/Item 147,1261269,110374022,IE4530831,19-25 August 1966,1966-08-19 00:00:00,1966-08-25 00:00:00,36 negatives,http://archival.sl.nsw.gov.au/Details/archive/110374022,http://archival.sl.nsw.gov.au/Details/archive/110373897,36,FL4530833|FL4530836|FL4530837|FL4530838|FL4530840|FL4530843|FL4530844|FL4530845|FL4530846|FL4530848|FL4530849|FL4530851|FL4530852|FL4530853|FL4530854|FL4530855|FL4530856|FL4530857|FL4530858|FL4530859|FL4530860|FL4530861|FL4530862|FL4530863|FL4530864|FL4530866|FL4530868|FL4530870|FL4530871|FL4530872|FL4530873|FL4530875|FL4530878|FL4530879|FL4530880|FL4530882,"Original negative sleeve titled: Seamens union meeting|Includes:|Seamen's Union officials signing documents : E.V. Elliott, William Martin, General President of N.Z. Seamen's Union, 25 August 1966, Rows 1-2.|William White's Support Demonstration at Phillip Street Court, Sydney. WWF and other officials inspect Botany Bay regarding it's development as a modern port, 19 August 1966.|Traditional dancing, Row 3.",,trade unionists|meetings|folk dancing,Seamen's Union of Australia,Botany Bay (N.S.W.)
1,4.0,188,ITEM,"Item 188: Tribune negatives including Gough Whitlam speaking at a union conference, and Metal Trades Unions reception for Soviet delegation, March 1967",ON 161/Item 188,1269564,110374105,IE4531361,17-20 March 1967,1967-03-17 00:00:00,1967-03-20 00:00:00,34 negatives,http://archival.sl.nsw.gov.au/Details/archive/110374105,http://archival.sl.nsw.gov.au/Details/archive/110374028,34,FL4531363|FL4531366|FL4531367|FL4531369|FL4531370|FL4531371|FL4531372|FL4531373|FL4531374|FL4531375|FL4531376|FL4531377|FL4531378|FL4531379|FL4531381|FL4531382|FL4531383|FL4531384|FL4531385|FL4531387|FL4531388|FL4531390|FL4531391|FL4531392|FL4531394|FL4531396|FL4531397|FL4531398|FL4531399|FL4531400|FL4531401|FL4531402|FL4531403|FL4531404,"Original negative sleeve titled: More of Gough, 3/67.|Includes:|Gough Whitlam speaking at the Plasters' Union Federal Conference; Metal Trades Unions reception for Soviet delegation, at Sydney Trades Hall, 20 March 1967.|Bill Flint, delegate of the ""Jeparit"", at 221 William Street, 17 March 1967.",,meetings|trade unionists,"Whitlam, Gough, 1916-2014|Metal Trades Federation of Unions (Australia)",
1,4.0,193,ITEM,"Item 193: Tribune negatives including May Queen candidates and speakers at unidentified event, March-April 1967",ON 161/Item 193,1287041,110374127,IE4536593,March-April 1967,1967-03-29 00:00:00,1967-04-03 00:00:00,36 negatives,http://archival.sl.nsw.gov.au/Details/archive/110374127,http://archival.sl.nsw.gov.au/Details/archive/110374028,36,FL4536595|FL4536597|FL4536599|FL4536602|FL4536604|FL4536605|FL4536606|FL4536607|FL4536614|FL4536616|FL4536618|FL4536621|FL4536622|FL4536624|FL4536625|FL4536627|FL4536628|FL4536629|FL4536631|FL4536632|FL4536634|FL4536635|FL4536638|FL4536641|FL4536643|FL4536646|FL4536651|FL4536652|FL4536654|FL4536656|FL4536658|FL4536660|FL4536663|FL4536664|FL4536668|FL4536669,"Original negative sleeve titled: Ted Wheelwright, women working, woman with oxy torch - metalworkers, 3/4/67?|Includes:|May Queen candidate for the Sheet Metal Workers' Union, at Malleys Auburn, 3 April 1967.|Cynthia Lang, 17, May Queen candidate for PKIU, 29 March 1967.|Unidentified May Queen candidate.|Ted Wheelwright, Allan Ashbolt, and otherspeakers at unidentified event.",,trade unionists|industrial workers|women,"Wheelwright, E. L. (Edward Lawrence)|Sheet Metal Workers Union of Australia",
1,5.0,205,ITEM,"Item 205: Tribune negatives including Osipov orchestra members at Union of Australian Women luncheon, April-May 1967",ON 161/Item 205,1287049,110374135,IE4536140,April-May 1967,1967-04-12 00:00:00,1967-05-16 00:00:00,34 negatives,http://archival.sl.nsw.gov.au/Details/archive/110374135,http://archival.sl.nsw.gov.au/Details/archive/110366667,34,FL4536142|FL4536150|FL4536152|FL4536153|FL4536156|FL4536157|FL4536158|FL4536162|FL4536164|FL4536166|FL4536167|FL4536169|FL4536170|FL4536171|FL4536173|FL4536174|FL4536175|FL4536176|FL4536177|FL4536181|FL4536183|FL4536185|FL4536186|FL4536188|FL4536190|FL4536192|FL4536193|FL4536194|FL4536195|FL4536196|FL4536198|FL4536200|FL4536201|FL4536204,"Original negative sleeve titled: 16-5-67.|Includes:|May Queen presentation, May 1967, Row 1.|Soviet boxers training, 12 April 1967, Row 2, no. 1.|Roland Wakelin art exhibition at the New South Wales Art Gallery, 12 April 1967, Row 2, nos. 2-4 .|Members of the Osipov orchestra at a Union of Australian Women luncheon; puppeteers at the Tivoli Theatre, 16 May 1967, Rows 3-6.",,puppeteers|puppets|musicians|art exhibitions|lunches,Union of Australian Women|Osipov (orchestra),
1,5.0,209,ITEM,"Item 209: Tribune negatives including BWIU, Plasterers, and Painters' Unions Amalgamation Conference, May 1967",ON 161/Item 209,1288300,110374156,IE4531492,9-21 May 1967,1967-05-09 00:00:00,1967-05-21 00:00:00,35 negatives,http://archival.sl.nsw.gov.au/Details/archive/110374156,http://archival.sl.nsw.gov.au/Details/archive/110366667,35,FL4531494|FL4531503|FL4531504|FL4531506|FL4531508|FL4531510|FL4531512|FL4531513|FL4531514|FL4531515|FL4531516|FL4531517|FL4531518|FL4531525|FL4531526|FL4531527|FL4531529|FL4531530|FL4531531|FL4531532|FL4531533|FL4531534|FL4531535|FL4531536|FL4531537|FL4531538|FL4531539|FL4531540|FL4531541|FL4531542|FL4531543|FL4531544|FL4531545|FL4531546|FL4531548,"Original negative sleeve titled: Amalgamation meeting BWIU painters, 9, 10, 21/5/67.|Includes:|Italian Seamen presenting Australian Seamen with a statue of ""Mercury"", 9 May 1967, Row 1, nos. 3-6.|Brian Rex and Neal Swancott posing for LSD effect, 10 May 1967, Row 2.|BWIU, Plasterers, and Painters' Unions Amalgamation Conference, 21 May 1967, Rows 3-6.",,meetings|trade unions|trade unionists,Building Workers' Industrial Union of Australia.,
1,5.0,210,ITEM,"Item 210: Tribune negatives including BWIU, Plasterers, and Painters' Unions Amalgamation Conference, May 1967",ON 161/Item 210,1288303,110374157,IE4535457,21 May 1967,1967-05-21 00:00:00,1967-05-21 00:00:00,35 negatives,http://archival.sl.nsw.gov.au/Details/archive/110374157,http://archival.sl.nsw.gov.au/Details/archive/110366667,35,FL4535459|FL4535466|FL4535467|FL4535468|FL4535470|FL4535472|FL4535473|FL4535475|FL4535477|FL4535478|FL4535481|FL4535482|FL4535485|FL4535487|FL4535488|FL4535489|FL4535490|FL4535491|FL4535492|FL4535493|FL4535495|FL4535500|FL4535502|FL4535506|FL4535509|FL4535512|FL4535517|FL4535523|FL4535525|FL4535527|FL4535528|FL4535529|FL4535530|FL4535533|FL4535535,"Original negative sleeve titled: Amalgamation meeting, 21-5-67.|Includes: BWIU, Plasterers, and Painters' Unions Amalgamation Conference, 21 May 1967, Rows 1-6.",,meetings|trade unions|trade unionists,Building Workers' Industrial Union of Australia.,
1,5.0,216,ITEM,"Item 216: Tribune negatives including 21st Congress of the CPA, and Concord Hospital, June 1967",ON 161/Item 216,1288310,110374163,IE4533545,2-12 June 1967,1967-06-02 00:00:00,1967-06-12 00:00:00,36 negatives,http://archival.sl.nsw.gov.au/Details/archive/110374163,http://archival.sl.nsw.gov.au/Details/archive/110366667,36,FL4533547|FL4533556|FL4533559|FL4533562|FL4533564|FL4533566|FL4533568|FL4533577|FL4533578|FL4533588|FL4533591|FL4533597|FL4533607|FL4533614|FL4533619|FL4533621|FL4533625|FL4533628|FL4533630|FL4533632|FL4533635|FL4533638|FL4533639|FL4533643|FL4533644|FL4533646|FL4533648|FL4533649|FL4533651|FL4533654|FL4533655|FL4533657|FL4533659|FL4533660|FL4533662|FL4533663,"Original negative sleeve titled: 2, 8, 12/6/67.|Includes:|UAW demonstration at Martin Place regarding the Vietnam war. Concord Hospital, 2 June 1967, Rows 1-3.|21st Congress of the Communist Party of Australia, 9-12 June 1967, Rows 5-6.|ARU State Councillors' meeting, Sydney headquarters: R.B. Bailey, State President. M. Mulheron, State Vice-president. Dr. Lloyd Ross, State Secretary, 8 June 1967.",,meetings|demonstrations|hospitals,Union of Australian Women|Communist Party of Australia,
1,5.0,224,ITEM,"Item 224: Tribune negatives including Transport Workers' stop work meeting, June 1967",ON 161/Item 224,1290402,110374180,IE4531700,28 June 1967,1967-06-28 00:00:00,1967-06-28 00:00:00,34 negatives,http://archival.sl.nsw.gov.au/Details/archive/110374180,http://archival.sl.nsw.gov.au/Details/archive/110366667,35,FL4531702|FL4531703|FL4531704|FL4531705|FL4531706|FL4531707|FL4531708|FL4531709|FL4531713|FL4531714|FL4531715|FL4531718|FL4531719|FL4531721|FL4531723|FL4531725|FL4531727|FL4531729|FL4531731|FL4531733|FL4531735|FL4531736|FL4531738|FL4531739|FL4531741|FL4531743|FL4531745|FL4531747|FL4531749|FL4531750|FL4531752|FL4531753|FL4531755|FL4531757|FL4531759,"Original negative sleeve titled: 28/6/67.|Includes:|Transport Workers' stop work meeting. 20th anniversary of the WWF News Bulletin and a farewell to Brian Crispin. Harry Hatfield, Mat Munro, 28 June 1967.",,meetings|trade unionists,Transport Workers Union of Australia. New South Wales Branch|Waterside Workers' Federation of Australia,
1,5.0,225,ITEM,"Item 225: Tribune negatives including a Liquor Trades Union meeting at the Trocadero, Sydney, and postal workers' stop-work meeting at Sydney Town Hall, June-July 1967",ON 161/Item 225,1290405,110374181,IE4533268,30 June and 1 July 1967,1967-06-30 00:00:00,1967-07-01 00:00:00,36 negatives,http://archival.sl.nsw.gov.au/Details/archive/110374181,http://archival.sl.nsw.gov.au/Details/archive/110366667,36,FL4533270|FL4533274|FL4533275|FL4533277|FL4533280|FL4533282|FL4533283|FL4533284|FL4533286|FL4533288|FL4533290|FL4533293|FL4533294|FL4533298|FL4533299|FL4533300|FL4533303|FL4533304|FL4533305|FL4533309|FL4533311|FL4533312|FL4533314|FL4533315|FL4533317|FL4533319|FL4533320|FL4533322|FL4533323|FL4533324|FL4533326|FL4533328|FL4533330|FL4533334|FL4533336|FL4533338,"Original negative sleeve titled: 30-6, 1-7/67|Includes:|Liquor Trades Union meeting at the Trocadero, Sydney, 30 June 1967.|Postal workers' stop-work meeting at Sydney Town Hall. Secretary J.S. Baker, 1 July 1967.",,meetings|trade unionists,Amalgamated Postal Workers' Union,"Trocadero (George Street, Sydney, N.S.W.)"
1,5.0,227,ITEM,"Item 227: Tribune negatives including the opening of Kirinari Aboriginal Youth Hostel, and BWIU State Conference, July 1967",ON 161/Item 227,1290413,110374187,IE4533231,5-7 July 1967,1967-07-05 00:00:00,1967-07-10 00:00:00,36 negatives,http://archival.sl.nsw.gov.au/Details/archive/110374187,http://archival.sl.nsw.gov.au/Details/archive/110366667,36,FL4533233|FL4533236|FL4533237|FL4533239|FL4533241|FL4533243|FL4533246|FL4533248|FL4533251|FL4533252|FL4533254|FL4533256|FL4533258|FL4533261|FL4533263|FL4533264|FL4533265|FL4533266|FL4533267|FL4533271|FL4533272|FL4533273|FL4533276|FL4533278|FL4533279|FL4533281|FL4533285|FL4533287|FL4533289|FL4533291|FL4533292|FL4533295|FL4533296|FL4533297|FL4533301|FL4533302,"Original negative sleeve titled: 7-7-67.|Includes:|NRMA shop stewards meeting at the home of Keith Smith, Eastlakes, 60 Universal Street, 5 July 1967, Row 1, nos. 1-4.|Tribune seller Kevin Galloway, 6 July 1967, Row 1, nos. 5-6, and row 2, nos. 1-2.|Opening of Aboriginal Youth Hostel ""Kirinari"" at Sutherland. JEL delegation to the 50th Anniversary of the USSR, 7 July 1967.|BWIU State Conference: migrant discussion, 10 July 1967.",,meetings|youth hostels|wages,Tribune (Newspaper)|Building Workers' Industrial Union of Australia.,
1,5.0,228,ITEM,"Item 228: Tribune negatives including BWIU New South Wales State Conference, July 1967",ON 161/Item 228,1290415,110374189,IE4535240,10-12 July 1967,1967-07-10 00:00:00,1967-07-12 00:00:00,35 negatives,http://archival.sl.nsw.gov.au/Details/archive/110374189,http://archival.sl.nsw.gov.au/Details/archive/110366667,35,FL4535242|FL4535247|FL4535248|FL4535250|FL4535252|FL4535253|FL4535256|FL4535257|FL4535259|FL4535261|FL4535263|FL4535266|FL4535269|FL4535271|FL4535272|FL4535276|FL4535277|FL4535279|FL4535281|FL4535282|FL4535284|FL4535288|FL4535289|FL4535290|FL4535293|FL4535295|FL4535297|FL4535298|FL4535299|FL4535302|FL4535304|FL4535309|FL4535310|FL4535312|FL4535314,"Original negative sleeve titled: 10,12/7/67.|Original negative sleeve annotated:|no. 26 Bill Porter|no. 27 Wesley Bennett|no. 28 Jim Smith|no. 29 ?|no. 30 Percy Smith.|Includes:|BWIU New South Wales State Conference, Sydney. Soviet Ambassador, 10 July 1967.",,meetings|trade unionists,Building Workers' Industrial Union of Australia.,
1,5.0,229,ITEM,"Item 229: Tribune negatives including BWIU New South Wales State Conference and Malcolm Salmon at a wharf labourers' meeting, July 1967",ON 161/Item 229,1290416,110374190,IE4532147,10-14 July 1967,1967-07-10 00:00:00,1967-07-14 00:00:00,33 negatives,http://archival.sl.nsw.gov.au/Details/archive/110374190,http://archival.sl.nsw.gov.au/Details/archive/110366667,33,FL4532149|FL4532152|FL4532154|FL4532155|FL4532159|FL4532160|FL4532161|FL4532163|FL4532164|FL4532165|FL4532167|FL4532168|FL4532170|FL4532171|FL4532172|FL4532174|FL4532176|FL4532178|FL4532179|FL4532181|FL4532183|FL4532186|FL4532188|FL4532190|FL4532192|FL4532193|FL4532194|FL4532195|FL4532197|FL4532198|FL4532200|FL4532201|FL4532203,"Original negative sleeve titled: 10,12,14/7/67.|Original negative sleeve annotated:|no. 1 B. Segafredo|no. 2 Wal Gambel|no. 3 S. Farrugia|no. 4 L to R: E Kararaidos, N. Kerameas, S. Miskos, P. Lazarevich.|no. 6 John Graham 12.7.67|no. 7 25-yr-old seaman of Boonaroo.|Includes:|BWIU New South Wales State Conference, July 1967.|50th Anniversary of the USSR, July 1967.|Malcolm Salmon at a wharfies' meeting, Darling Harbour, Sydney, 14 July 1967.|Talking to families outside arch-shaped houses (quonset huts).",,meetings|wharf labourers|anniversaries|houses|families,"Building Workers' Industrial Union of Australia.|Salmon, Malcolm, 1925-1986",
1,5.0,232,ITEM,"Item 232: Tribune negatives including Electrical Trades Union meeting of members to demand greater margins, Granville, July 1967",ON 161/Item 232,1290429,110374198,IE4532582,25-26 July 1967,1967-07-25 00:00:00,1967-07-26 00:00:00,36 negatives,http://archival.sl.nsw.gov.au/Details/archive/110374198,http://archival.sl.nsw.gov.au/Details/archive/110366667,36,FL4532584|FL4532587|FL4532589|FL4532592|FL4532593|FL4532595|FL4532596|FL4532598|FL4532600|FL4532602|FL4532604|FL4532606|FL4532607|FL4532609|FL4532613|FL4532614|FL4532616|FL4532617|FL4532619|FL4532621|FL4532623|FL4532624|FL4532627|FL4532629|FL4532632|FL4532634|FL4532636|FL4532638|FL4532640|FL4532642|FL4532645|FL4532646|FL4532648|FL4532650|FL4532654|FL4532656,"Original negative sleeve titled: 25-7-67.|Includes:|Electrical Trades Union meeting of members to demand greater margins, Granville, 26 July 1967.|Protest rally with banners reading ""M.S.B. blasts regardless of homes"" and ""Balmain demand to be heard"".",,meetings|demonstrations|posters & placards|trade unionists,Electrical Trades Union (NSW Branch),
1,5.0,245,ITEM,"Item 245: Tribune negatives including UAW Save Our Sons demonstration, nurses meeting, and New Theatre play, August 1967",ON 161/Item 245,1290874,110374258,IE4535869,21-22 August 1967,1967-08-21 00:00:00,1967-08-22 00:00:00,35 negatives,http://archival.sl.nsw.gov.au/Details/archive/110374258,http://archival.sl.nsw.gov.au/Details/archive/110366667,35,FL4535871|FL4535876|FL4535877|FL4535878|FL4535879|FL4535880|FL4535881|FL4535882|FL4535884|FL4535885|FL4535886|FL4535887|FL4535889|FL4535890|FL4535891|FL4535892|FL4535898|FL4535899|FL4535902|FL4535903|FL4535904|FL4535907|FL4535908|FL4535909|FL4535910|FL4535912|FL4535913|FL4535914|FL4535915|FL4535916|FL4535917|FL4535919|FL4535920|FL4535922|FL4535925,"Original negative sleeve titled: 21,22/8/67.|Includes:|UAW Save Our Sons demonstration outside Central Court, Sydney. Tom Hogan at Central Court, 21 August 1967, Row 1, nos. 1-4.|New Theatre play by the Australian Theatre for Young People, 22 August 1967, Row 1, no. 5, and rows 2-5.|Nurses meeting at the Trocadero for increased pay, 22 August 1967, Row 6.",,demonstrations|meetings|nurses|wages|theatrical productions,"Union of Australian Women|New Theatre (Sydney, N.S.W.)",
1,6.0,263,ITEM,"Item 263: Tribune negatives including Bellfields Observatory, and Amalgamated Engineering Union National Conference, October 1967",ON 161/Item 263,1296799,110374492,IE4548223,1-20 October 1967,1967-10-01 00:00:00,1967-10-20 00:00:00,34 negatives,http://archival.sl.nsw.gov.au/Details/archive/110374492,http://archival.sl.nsw.gov.au/Details/archive/110374463,34,FL4548225|FL4548230|FL4548232|FL4548234|FL4548236|FL4548238|FL4548240|FL4548242|FL4548243|FL4548244|FL4548245|FL4548246|FL4548247|FL4548248|FL4548249|FL4548250|FL4548251|FL4548252|FL4548253|FL4548254|FL4548255|FL4548256|FL4548257|FL4548258|FL4548259|FL4548260|FL4548261|FL4548262|FL4548263|FL4548264|FL4548265|FL4548266|FL4548267|FL4548268,"Original negative sleeve titled: 14-20/10/67.|Includes:|Leo Martin, 1 October 1967, Row 2, no. 6.|Bellfields Observatory, 14 October 1967, Rows 1-2.|Amalgamated Engineering Union National Conference, Irish National Hall, Devonshire Street. Harold Souter, Secretary of the ACTU, 17 October 1967, Rows 3-4.|Anti-Vietnam war demonstration at Martin Place by the Save Our Sons movement, 18 October 1967, Row 5.|Vietnam war Teach-in at Macquarie University; I. Turner, Tom Uren, Harold Levien, P. Samuel, 20 October 1967, Row 6.",,conventions|demonstrations|observatories|telescopes|posters & placards,Amalgamated Engineering Union.|Save Our Sons Movement,
1,6.0,273,ITEM,"Item 273: Tribune negatives including Evonne Goolagong, UAW function, and Senate election, November 1967",ON 161/Item 273,1296836,110374505,IE4546942,November 1967,1967-11-01 00:00:00,1900-01-01 00:00:00,36 negatives,http://archival.sl.nsw.gov.au/Details/archive/110374505,http://archival.sl.nsw.gov.au/Details/archive/110374463,36,FL4546944|FL4546946|FL4546948|FL4546950|FL4546951|FL4546952|FL4546955|FL4546957|FL4546959|FL4546961|FL4546962|FL4546964|FL4546966|FL4546967|FL4546968|FL4546969|FL4546970|FL4546971|FL4546972|FL4546973|FL4546974|FL4546978|FL4546979|FL4546980|FL4546982|FL4546983|FL4546984|FL4546986|FL4546987|FL4546988|FL4546989|FL4546991|FL4546993|FL4546995|FL4546996|FL4546998,"Includes:|Evonne Goolagong at the New South Wales Junior Girls' Tennis Championships at White City, Sydney. Union of Australian Women function at the BWIU headquarters, honouring the 50th Anniversary of Soviet Women, November 1967.|Senate election. Ann Duffy, Marlene Turtle, Gwyn Williams at 221 William street, Kings Cross, 25 November 1967.",,anniversaries|tennis|elections,"Cawley, Evonne, 1951-|Union of Australian Women",
1,6.0,274,ITEM,"Item 274: Tribune negatives including UAW function and brewery buildings, November 1967",ON 161/Item 274,1296837,110374506,IE4549408,November 1967,1967-11-01 00:00:00,1900-01-01 00:00:00,35 negatives,http://archival.sl.nsw.gov.au/Details/archive/110374506,http://archival.sl.nsw.gov.au/Details/archive/110374463,35,FL4549410|FL4549411|FL4549412|FL4549413|FL4549414|FL4549415|FL4549416|FL4549417|FL4549418|FL4549419|FL4549420|FL4549421|FL4549422|FL4549423|FL4549424|FL4549425|FL4549426|FL4549427|FL4549428|FL4549429|FL4549430|FL4549431|FL4549432|FL4549433|FL4549434|FL4549435|FL4549436|FL4549437|FL4549438|FL4549439|FL4549440|FL4549441|FL4549442|FL4549443|FL4549444,"Includes:|Union of Australian Women function at the BWIU headquarters, honouring the 50th Anniversary of Soviet Women, November 1967.|Brewery buildings, including Tooth and Co. Limited Kent Brewery, and Tooheys Ales.|May include:|Brewery workers' meeting, November 1967.",,anniversaries|women|breweries|meetings,Union of Australian Women|Tooth & Co.|Tooheys Ltd.,
1,6.0,277,ITEM,"Item 277: Tribune negatives including UAW demonstration at the US Consulate over the arrest of Dr. Spock, December 1967",ON 161/Item 277,1302365,110374528,IE4590226,December 1967,1967-12-01 00:00:00,1967-12-31 00:00:00,22 negatives,http://archival.sl.nsw.gov.au/Details/archive/110374528,http://archival.sl.nsw.gov.au/Details/archive/110374463,29,FL4590288|FL4590289|FL4590290|FL4590291|FL4590292|FL4590293|FL4590294|FL4590295|FL4590296|FL4590297|FL4590298|FL4590299|FL4590300|FL4590301|FL4590302|FL4590303|FL4590304|FL4590305|FL4590306|FL4590307|FL4590308|FL4590309|FL4590310|FL4590311|FL4590312|FL4590313|FL4590314|FL4590315|FL4590316,"Includes:|Peter Barry's art exhibition at the Wayside Chapel, Kings Cross, December 1967, Rows 1-2.|Union of Australian Women demonstration at the US Consulate over the arrest of Dr. Spock, December 1967?, Row 3.|Portrait photographs of unidentified men and women.|May include:|Liquor Trades Union delegates at Room 8, Trades Hall.",,demonstrations|art exhibitions,Union of Australian Women,
1,6.0,278,ITEM,"Item 278: Tribune negatives including UAW demonstration at the US Consulate over the arrest of Dr. Spock, December 1967",ON 161/Item 278,1302367,110374529,IE4549244,December 1967,1967-12-01 00:00:00,1967-12-31 00:00:00,24 negatives,http://archival.sl.nsw.gov.au/Details/archive/110374529,http://archival.sl.nsw.gov.au/Details/archive/110374463,34,FL4549246|FL4549249|FL4549252|FL4549254|FL4549255|FL4549257|FL4549258|FL4549260|FL4549261|FL4549263|FL4549264|FL4549265|FL4549267|FL4549268|FL4549270|FL4549272|FL4549274|FL4549276|FL4549277|FL4549279|FL4549280|FL4549282|FL4549283|FL4549285|FL4549286|FL4549288|FL4549291|FL4549292|FL4549294|FL4549297|FL4549298|FL4549301|FL4549303|FL4549305,"Includes:|Portrait photographs of unidentified men, Rows 1-3.|Union of Australian Women demonstration at the US Consulate over the arrest of Dr. Spock, December 1967?, Row 4, nos. 4-6.|Officers at unidentified function.",,demonstrations|men,Union of Australian Women,
1,6.0,281,ITEM,"Item 281: Tribune negatives including Tribune popular sellers Christmas function, and BWIU Christmas party for children, December 1967",ON 161/Item 281,1302375,110374533,IE4549473,December 1967,1967-12-01 00:00:00,1967-12-31 00:00:00,24 negatives,http://archival.sl.nsw.gov.au/Details/archive/110374533,http://archival.sl.nsw.gov.au/Details/archive/110374463,30,FL4549475|FL4549477|FL4549478|FL4549479|FL4549481|FL4549483|FL4549485|FL4549487|FL4549489|FL4549490|FL4549492|FL4549494|FL4549497|FL4549499|FL4549503|FL4549506|FL4549507|FL4549509|FL4549510|FL4549512|FL4549514|FL4549515|FL4549517|FL4549518|FL4549519|FL4549521|FL4549522|FL4549525|FL4549527|FL4549529,"Includes:|Tribune popular sellers Christmas function, December 1967, Rows 1-2.|New South Wales v New Zealand cricket match at the Sydney Cricket Ground, December 1967, Row 3.|Building Workers' Industrial Union of Australia Christmas party for children, December 1967, Rows 5-6.|May include:|CC of the Communist Party of Australia.",,Christmas parties|children|performers,Tribune (Newspaper)|Building Workers' Industrial Union of Australia.,
1,6.0,282,ITEM,"Item 282: Tribune negatives including Christmas dinner for retired WWF members, December 1967-January 1968",ON 161/Item 282,1302379,110374535,IE4545872,December 1967-January 1968,1967-12-01 00:00:00,1968-01-31 00:00:00,32 negatives,http://archival.sl.nsw.gov.au/Details/archive/110374535,http://archival.sl.nsw.gov.au/Details/archive/110374463,32,FL4545874|FL4545877|FL4545878|FL4545879|FL4545881|FL4545882|FL4545884|FL4545886|FL4545891|FL4545894|FL4545895|FL4545896|FL4545897|FL4545898|FL4545899|FL4545900|FL4545901|FL4545902|FL4545903|FL4545907|FL4545909|FL4545911|FL4545912|FL4545913|FL4545914|FL4545916|FL4545918|FL4545921|FL4545925|FL4545928|FL4545930|FL4545931,"Includes:|Building Workers' Industrial Union of Australia Christmas party for children, December 1967, Row 1.|Christmas dinner for retired members of the Waterside Workers' Federation, December 1967, Rows 2-5.|Headquarters of the National Socialist Party at 1815 Regent Street, Redfern, January 1968, Row 6.",,Christmas parties|children|aged people|trade unionists,Waterside Workers' Federation of Australia|Building Workers' Industrial Union of Australia.|National Socialist Party of Australia,
1,6.0,285,ITEM,"Item 285: Tribune negatives including Metal Trades Federation meeting at Sydney Town Hall, and postal workers' strike meeting at Wentworth Park, January 1968",ON 161/Item 285,1302388,110374540,IE4550104,January 1968,1968-01-01 00:00:00,1968-01-31 00:00:00,31 negatives,http://archival.sl.nsw.gov.au/Details/archive/110374540,http://archival.sl.nsw.gov.au/Details/archive/110374463,34,FL4550106|FL4550107|FL4550108|FL4550110|FL4550111|FL4550112|FL4550113|FL4550115|FL4550116|FL4550117|FL4550118|FL4550119|FL4550120|FL4550121|FL4550122|FL4550124|FL4550125|FL4550126|FL4550127|FL4550128|FL4550129|FL4550130|FL4550131|FL4550133|FL4550134|FL4550135|FL4550136|FL4550137|FL4550138|FL4550139|FL4550140|FL4550141|FL4550142|FL4550143,"Includes:|Metal Trades Federation meeting at Sydney Town Hall regarding absorption of over-award wages, January 1968, Rows 3-5.|Strike meeting of postal workers at Wentworth Park, Sydney, January 1968.",,postal workers|meetings|strikes|metalworkers|wages,Metal Trades Federation of Unions (Australia),
1,6.0,286,ITEM,"Item 286: Tribune negatives including Metal Trades Federation meeting at Sydney Town Hall, January 1968",ON 161/Item 286,1302390,110374541,IE4547812,January 1968,1968-01-01 00:00:00,1968-01-31 00:00:00,34 negatives,http://archival.sl.nsw.gov.au/Details/archive/110374541,http://archival.sl.nsw.gov.au/Details/archive/110374463,34,FL4547814|FL4547815|FL4547816|FL4547817|FL4547818|FL4547819|FL4547820|FL4547821|FL4547822|FL4547823|FL4547824|FL4547825|FL4547826|FL4547827|FL4547828|FL4547829|FL4547833|FL4547837|FL4547840|FL4547842|FL4547847|FL4547849|FL4547855|FL4547859|FL4547863|FL4547865|FL4547870|FL4547874|FL4547877|FL4547880|FL4547883|FL4547889|FL4547892|FL4547896,"Includes:|Metal Trades Federation meeting at Sydney Town Hall regarding absorption of over-award wages, January 1968.|Strike meeting of postal workers at Wentworth Park, Sydney, January 1968.",,meetings|strikes|wages,Metal Trades Federation of Unions (Australia),
1,6.0,296,ITEM,"Item 296: Tribune negatives including Young Socialist League demonstration at Sydney Town Hall, and WWF Pension Fund luncheon, March 1968",ON 161/Item 296,1310014,110374558,IE4537186,March 1968,1968-03-01 00:00:00,1968-03-31 00:00:00,35 negatives,http://archival.sl.nsw.gov.au/Details/archive/110374558,http://archival.sl.nsw.gov.au/Details/archive/110374463,35,FL4537260|FL4537261|FL4537263|FL4537264|FL4537267|FL4537268|FL4537270|FL4537272|FL4537274|FL4537275|FL4537277|FL4537279|FL4537280|FL4537281|FL4537283|FL4537284|FL4537286|FL4537292|FL4537294|FL4537296|FL4537298|FL4537299|FL4537300|FL4537301|FL4537302|FL4537303|FL4537306|FL4537308|FL4537312|FL4537314|FL4537318|FL4537320|FL4537322|FL4537324|FL4537325,"Includes:|Meeting of the Building Workers Industrial Union and Builders Labourers Federation, March 1968, Row 1.|Young Socialist League demonstration at Sydney Town Hall against the increase of troops for Vietnam, March 1968, Rows 2-4.|Waterside Workers Federation Pension Fund luncheon at the Union rooms, March 1968, Rows 5-6.",,demonstrations|meetings|lunches|trade unionists,Building Workers' Industrial Union of Australia.|Australian Builders' Labourers' Federation|Waterside Workers' Federation of Australia,"Sydney Town Hall (Sydney, N.S.W.)"
1,6.0,299,ITEM,"Item 299: Tribune negatives including PKIU delegates meeting at Buffalo Hall, and ex-servicemen's Anti-Vietnam war meeting at Sydney Town Hall, March 1968",ON 161/Item 299,1310018,110374562,IE4539072,March 1968,1968-03-01 00:00:00,1968-03-31 00:00:00,34 negatives,http://archival.sl.nsw.gov.au/Details/archive/110374562,http://archival.sl.nsw.gov.au/Details/archive/110374463,34,FL4539150|FL4539151|FL4539152|FL4539153|FL4539154|FL4539155|FL4539157|FL4539159|FL4539161|FL4539162|FL4539164|FL4539165|FL4539168|FL4539170|FL4539171|FL4539172|FL4539174|FL4539176|FL4539178|FL4539179|FL4539181|FL4539184|FL4539186|FL4539188|FL4539192|FL4539193|FL4539195|FL4539197|FL4539199|FL4539200|FL4539202|FL4539203|FL4539205|FL4539208,"Includes:|Ex-servicemen's anti-Vietnam war meeting at Sydney Town Hall: Arthur Calwell, Alan Ashbolt, Ray Taylor, Francis James, March 1968, Row 1.|The cast of the play ""Terror Australis"", including Garry McDonald, at New Theatre, March 1968, Row 2, nos. 1-4.|People window shopping at a butcher's shop, Wynyard Arcade, Sydney, March 1968, Row, 3.|Printing and Kindred Industries Union delegates meeting at Buffalo Hall, 61 Regeant street regarding the flow on of the Metal Trades wages decision; Secretary E.C. Bennett addressing the meeting, March 1968, Row 4-6.",,meetings|customers|butcher shops,"Printing and Kindred Industries Union|New Theatre (Sydney, N.S.W.)",
1,7.0,301,ITEM,"Item 301: Tribune negatives including BWIU function, and Liquor Trades May Queen Kay Smith, March 1968",ON 161/Item 301,1312761,110374574,IE4547173,March 1968,1968-03-01 00:00:00,1968-03-31 00:00:00,33 negatives,http://archival.sl.nsw.gov.au/Details/archive/110374574,http://archival.sl.nsw.gov.au/Details/archive/110374573,33,FL4547175|FL4547176|FL4547177|FL4547178|FL4547179|FL4547180|FL4547181|FL4547182|FL4547186|FL4547190|FL4547197|FL4547199|FL4547204|FL4547207|FL4547210|FL4547213|FL4547216|FL4547220|FL4547223|FL4547230|FL4547234|FL4547237|FL4547239|FL4547240|FL4547242|FL4547244|FL4547247|FL4547249|FL4547250|FL4547252|FL4547254|FL4547257|FL4547259,"Includes:|Dance performances and speeches at Building Workers Industrial Union function, March 1968?, Rows 1-5.|Kay Smith, the Liquor Trades May Queen, at Trades Hall, March 1968, Row 6.",,dancing displays,Building Workers' Industrial Union of Australia.,
1,7.0,302,ITEM,"Item 302: Tribune negatives including Liquor Trades May Queen Kay Smith, and Mrs. Glicksman speaking at the UAW rooms, March 1968",ON 161/Item 302,1312769,110374577,IE4547183,March 1968,1968-03-01 00:00:00,1968-03-31 00:00:00,34 negatives,http://archival.sl.nsw.gov.au/Details/archive/110374577,http://archival.sl.nsw.gov.au/Details/archive/110374573,34,FL4547185|FL4547187|FL4547188|FL4547189|FL4547191|FL4547192|FL4547193|FL4547194|FL4547195|FL4547196|FL4547198|FL4547200|FL4547201|FL4547202|FL4547203|FL4547205|FL4547206|FL4547208|FL4547209|FL4547211|FL4547212|FL4547214|FL4547215|FL4547217|FL4547218|FL4547219|FL4547221|FL4547222|FL4547224|FL4547225|FL4547226|FL4547227|FL4547228|FL4547229,"Includes:|Kay Smith, the Liquor Trades May Queen, at Trades Hall. Mrs. Glicksman of the Canadian ""Our Women"" speaking at the UAW rooms, Druitt Street, Sydney, March 1968.|Street front of the Commonwealth Employee Service, March 1968, Row 4.",,beauty contestants|office buildings,Union of Australian Women,
1,7.0,310,ITEM,"Item 310: Tribune negatives including workplace meeting at Clyde Engineering Works and filing section of the Building Workers' Industrial Union office, April 1968",ON 161/Item 310,1336591,110374703,IE4540556,April 1968,1968-04-01 00:00:00,1968-04-30 00:00:00,36 negatives,http://archival.sl.nsw.gov.au/Details/archive/110374703,http://archival.sl.nsw.gov.au/Details/archive/110374573,36,FL4540630|FL4540632|FL4540634|FL4540636|FL4540637|FL4540638|FL4540640|FL4540641|FL4540642|FL4540645|FL4540647|FL4540650|FL4540652|FL4540654|FL4540655|FL4540657|FL4540658|FL4540659|FL4540660|FL4540662|FL4540664|FL4540665|FL4540667|FL4540668|FL4540670|FL4540671|FL4540672|FL4540673|FL4540675|FL4540676|FL4540677|FL4540678|FL4540679|FL4540680|FL4540681|FL4540682,"Includes:|Workplace meeting at Clyde Engineering Works with Hughie Grant, Sydney Branch Secretary of the Boilermakers' and Blacksmiths' Society of Australia, April 1968|Filing section of the Building Workers' Industrial Union office, April 1968",Meetings--New South Wales.|Boiler-makers--Labor unions--New South Wales--Sydney.|Labor unions--New South Wales.,groups (people)|meetings|trade unions|trade union officials|industrial workers|filing systems,Building Workers' Industrial Union of Australia.|Boilermakers' and Blacksmiths' Society of Australia. Sydney Branch|Clyde Engineering Co. Ltd.,"Clyde Engineering (Granville, N.S.W.)"
1,7.0,320,ITEM,"Item 320: Tribune negatives including protest march on George Street, Sydney, NSW, ca. 1968",ON 161/Item 320,1336702,110374746,IE4538037,ca. 1968,1968-01-01 00:00:00,1968-12-31 00:00:00,36 negatives,http://archival.sl.nsw.gov.au/Details/archive/110374746,http://archival.sl.nsw.gov.au/Details/archive/110374573,36,FL4538117|FL4538119|FL4538121|FL4538123|FL4538125|FL4538126|FL4538128|FL4538130|FL4538133|FL4538138|FL4538139|FL4538141|FL4538143|FL4538146|FL4538148|FL4538150|FL4538151|FL4538153|FL4538157|FL4538159|FL4538161|FL4538163|FL4538165|FL4538167|FL4538169|FL4538170|FL4538172|FL4538173|FL4538174|FL4538175|FL4538177|FL4538179|FL4538181|FL4538182|FL4538184|FL4538185,"Includes:|Protest march (May Day?) on George Street, Sydney, NSW, with representatives from the Boilermakers' and Blacksmiths' Society of Australia and the Amalgamated Postal Workers' Union of Australia, May Queen, and banners relating to peace, famine, apartheid, Greece and Spain, ca. 1968","Vietnam War, 1961-1975--Protest movements--New South Wales--Sydney|Protest movements--New South Wales--Sydney.|Adult Females|Adult Males",groups (people)|processions|socialists|demonstrations,Boilermakers' and Blacksmiths' Society of Australia|Amalgamated Postal Workers' Union,"George Street (Sydney, N.S.W.)|Sydney Town Hall (Sydney, N.S.W.)"
1,8.0,352,ITEM,"Item 352: Tribune negatives including job delegates meeting, Frank Bishop of Townsville, YSL demonstration, demonstration in Hyde Park, discussion at New Theatre, Reverend W. Pollack, Anatoli Stroganov, Dmitri Mihailovich Shulgin, Vechislav Petrovich Shuntov, Soviet scientific ship ""Lira"", Sydney Opera House, July 1968",ON 161/Item 352,1343076,110374908,IE4538896,July 1968,1968-07-01 00:00:00,1968-07-31 00:00:00,34 negatives,http://archival.sl.nsw.gov.au/Details/archive/110374908,http://archival.sl.nsw.gov.au/Details/archive/110374750,34,FL4538981|FL4538983|FL4538987|FL4538989|FL4538990|FL4538994|FL4538998|FL4539000|FL4539004|FL4539005|FL4539008|FL4539009|FL4539012|FL4539014|FL4539016|FL4539017|FL4539018|FL4539020|FL4539023|FL4539025|FL4539029|FL4539032|FL4539035|FL4539037|FL4539038|FL4539040|FL4539042|FL4539045|FL4539048|FL4539049|FL4539051|FL4539053|FL4539055|FL4539059,"Includes:|Job delegates meeting at Sydney Town Hall in support of ACTU (Australian Council of Trade Unions) National Wage Case, portrait of Frank Bishop of Townsville. Rows 1-2.|YSL (Young Socialist League) demonstration at the Regent Cinema regarding the screening of ""the Green Berets"". Row 3.|Demonstration in Hyde Park, banners include ""Freedom for the Czechs"", and ""Students care about Czechoslavakia, Commo's get out"". Row 4 no. 17-18.|Discussion at New Theatre after the showing of ""America Hurrah"", portrait of Reverend W. Pollack. Row 4 no. 19-22.|Portrait of seaman Anatoli Stroganov, portrait of Chief Officer Dmitri Mihailovich Shulgin, portrait of leading scientist Vechislav Petrovich Shuntov, Soviet scientific ship ""Lira"" in Sydney Harbour, construction at Sydney Opera House. Rows 5-6.",,demonstrations|ships|students|university students|film productions|theatrical productions|sailors|scientists,"Australian Council of Trade Unions|New Theatre (Sydney, N.S.W.)|Regent Theatre (Sydney, N.S.W.)|Sydney Town Hall",Sydney Opera House (N.S.W.)|Sydney Harbour (N.S.W.)
1,8.0,363,ITEM,"Item 363: Tribune negatives including hatch opening on a ship, CPA meeting with Joe Palmada, Edgar Ross, Harry Hatfield and Alf Watt, BWIU Conference and strike meeting including Tom Tompkins and Ted McLean, September 1968",ON 161/Item 363,1344334,110374959,IE4543882,September 1968,1968-09-01 00:00:00,1968-09-30 00:00:00,34 negatives,http://archival.sl.nsw.gov.au/Details/archive/110374959,http://archival.sl.nsw.gov.au/Details/archive/110374750,35,FL4543938|FL4543940|FL4543941|FL4543943|FL4543946|FL4543948|FL4543949|FL4543953|FL4543955|FL4543957|FL4543959|FL4543960|FL4543961|FL4543962|FL4543963|FL4543964|FL4543966|FL4543967|FL4543968|FL4543969|FL4543970|FL4543971|FL4543972|FL4543973|FL4543974|FL4543975|FL4543976|FL4543977|FL4543978|FL4543979|FL4543980|FL4543982|FL4543984|FL4543985|FL4543987,"Includes:|Hatch opening on a ship for a WWF (Waterside Workers Federation) compensation case. Rows 1-2.|CPA meeting regarding Czechoslavakia with Joe Palmada, Edgar Ross, Harry Hatfield, and Alf Watt. Rows 3-4.|Building Workers' Industrial Union conference, strike meeting at the Boilermakers and Blacksmiths including Tom Tompkins and Ted McLean. Rows 5-6.",,wharf labourers|ships|blacksmiths|boilermakers|trade unions|meetings|compensation claims|strikes,"Communist Party of Australia|Building Workers Industrial Union|Waterside Workers' Federation of Australia|Ross, Edgar, 1904-2001|Watt, Alf",
1,8.0,366,ITEM,"Item 366: Tribune negatives including football game at St Paul's Oval, portrait of Ian Sinclair, BWIU conference, New Theatre rehearsal of War and Peace, presentation of a VW to the Federal Council for the Advancement of Aboriginals, September 1968",ON 161/Item 366,1344345,110374969,IE4542995,September 1968,1968-09-01 00:00:00,1968-09-30 00:00:00,1 negative,http://archival.sl.nsw.gov.au/Details/archive/110374969,http://archival.sl.nsw.gov.au/Details/archive/110374750,34,FL4543036|FL4543037|FL4543038|FL4543040|FL4543042|FL4543043|FL4543045|FL4543047|FL4543049|FL4543051|FL4543052|FL4543054|FL4543057|FL4543059|FL4543062|FL4543064|FL4543066|FL4543067|FL4543069|FL4543070|FL4543071|FL4543073|FL4543076|FL4543077|FL4543078|FL4543081|FL4543082|FL4543085|FL4543087|FL4543089|FL4543095|FL4543096|FL4543097|FL4543098,"Original negative sleeve titled: Sept '68|Includes:|Football game at St Paul's Oval, Sydney University, University Students v News Media. Row 1 no 1-2.|Portrait of Ian Sinclair. Row 2.|Building Workers' Industrial Union conference at Vine House. Row 3-5.|New Theatre rehearsal of War and Peace. Row 5 no 3-6, Row 6 no 1-2.|Presentation of a VW to the Federal Council for the Advancement of Aboriginals. Row 6, no 3-6.",,football|university students|trade unions|meetings|presentation ceremonies|theatrical productions,"New Theatre (Sydney, N.S.W.)|Federal Council for the Advancement of Aborigines and Torres Strait Islanders|Building Workers' Industrial Union of Australia.|Sinclair, Ian McCahon, 1929-","St. Paul's College (University of Sydney, N.S.W.)"
1,8.0,373,ITEM,"Item 373: Tribune negatives including high school students demonstration in support of teachers, Tom Uren opening federal BWIU conference, teachers' demonstration, September 1968",ON 161/Item 373,1344417,110375025,IE4545205,September 1968,1968-09-01 00:00:00,1968-09-30 00:00:00,36 negatives,http://archival.sl.nsw.gov.au/Details/archive/110375025,http://archival.sl.nsw.gov.au/Details/archive/110374750,36,FL4545207|FL4545211|FL4545212|FL4545213|FL4545215|FL4545217|FL4545218|FL4545221|FL4545223|FL4545226|FL4545228|FL4545230|FL4545232|FL4545234|FL4545236|FL4545238|FL4545239|FL4545241|FL4545243|FL4545245|FL4545246|FL4545248|FL4545250|FL4545253|FL4545256|FL4545258|FL4545260|FL4545266|FL4545268|FL4545269|FL4545272|FL4545276|FL4545277|FL4545278|FL4545279|FL4545283,"Original negative sleeve titled:  Teachers Strike|Includes:|High school students at Railway Square demonstration in support of teachers on strike, banners include ""More funds for education less for annihilation"". Row 1.|Tom Uren opening the Federal conference of the Building Workers' Industrial Union. Rows 2-3.|Teachers' demonstration at Hyde Park, Wentworth Park, and outside of State Parliament, banners include ""Where's the education commission?"". Rows 4-6.",,teachers|trade unions|demonstrations|banners|students|high school students|meetings|strikes,"Uren, Tom|Building Workers Industrial Union|New South Wales. Parliament",
1,11.0,526,ITEM,"Item 526: Tribune negatives including wharf labourers meetings, BWIU May Queen and Liquor Trades' Union officials, March 1970",ON 161/Item 526,1338229,110374794,IE4570827,March 1970,1970-01-01 00:00:00,1970-12-31 00:00:00,31 negatives,http://archival.sl.nsw.gov.au/Details/archive/110374794,http://archival.sl.nsw.gov.au/Details/archive/110374753,34,FL4570902|FL4570906|FL4570908|FL4570911|FL4570913|FL4570915|FL4570916|FL4570920|FL4570921|FL4570922|FL4570924|FL4570927|FL4570928|FL4570929|FL4570931|FL4570932|FL4570934|FL4570935|FL4570936|FL4570939|FL4570941|FL4570946|FL4570947|FL4570949|FL4570950|FL4570951|FL4570953|FL4570955|FL4570956|FL4570957|FL4570959|FL4570961|FL4570963|FL4570964,"Includes:|Wharf labourers holding a meeting at AGM, Waterloo. Terry Hickman speaking. Paula Cauchi, 19 years old BWIU May Queen candidate. Deserted wharf at Walsh Bay. Wharf labourers at No. 4 Circular Quay. Liquor Trades' Union Officials, March 1970, Rows 1-6.",,meetings|wharf labourers|jetties & wharves|ships,Building Workers' Industrial Union of Australia.,Walsh Bay (N.S.W.)|Circular Quay No. 4
1,11.0,529,ITEM,"Item 529: Tribune negatives including BHP and wage protest, Building Workers Industrial Union picketing and Byrne and Davidson demonstration",ON 161/Item 529,1341990,110374807,IE4589509,March-April 1970,1970-03-01 00:00:00,1970-04-30 00:00:00,36 negatives,http://archival.sl.nsw.gov.au/Details/archive/110374807,http://archival.sl.nsw.gov.au/Details/archive/110374753,36,FL4589511|FL4589516|FL4589517|FL4589518|FL4589519|FL4589520|FL4589521|FL4589522|FL4589523|FL4589524|FL4589526|FL4589528|FL4589530|FL4589532|FL4589533|FL4589534|FL4589535|FL4589536|FL4589537|FL4589538|FL4589540|FL4589542|FL4589544|FL4589548|FL4589549|FL4589551|FL4589559|FL4589560|FL4589561|FL4589562|FL4589563|FL4589564|FL4589565|FL4589566|FL4589567|FL4589568,"Includes:|Workers' protest in park over BHP, penal powers and wages, Row 1, row 2 no. 1-3.|Building Workers Industrial Union and Builders Labourers' Federation picketing building site of Poletti Formwork Company, York Street. Tom Hogan of BLF, April 1970, Rows 2-3.|BM/BS Soc. members of Byrne and Davidson Private Limited of Revesby at organising meeting to attempt ""workers' control"" co-operative, March 1970, Rows 4-6.",,demonstrations|pickets,Australian Builders' Labourers' Federation|Building Workers Industrial Union,"York Street (Sydney, N.S.W.)|Trades Hall (Goulburn Street, Sydney, N.S.W.)"
1,11.0,545,ITEM,"Item 545: Tribune negatives including Builders Labourers Federation strike on building site, and demonstration of the NSW Australian Workers Union, 1970",ON 161/Item 545,1342054,110374856,IE4565317,1970,1970-01-01 00:00:00,1970-12-31 00:00:00,36 negatives,http://archival.sl.nsw.gov.au/Details/archive/110374856,http://archival.sl.nsw.gov.au/Details/archive/110374753,36,FL4565503|FL4565505|FL4565511|FL4565514|FL4565516|FL4565517|FL4565518|FL4565523|FL4565527|FL4565529|FL4565531|FL4565532|FL4565534|FL4565535|FL4565537|FL4565544|FL4565546|FL4565548|FL4565549|FL4565550|FL4565556|FL4565557|FL4565559|FL4565560|FL4565562|FL4565564|FL4565565|FL4565567|FL4565572|FL4565577|FL4565578|FL4565579|FL4565581|FL4565588|FL4565589|FL4565591,"Original negative sleeve titled: Vigilantes, BLF 1970 May + June strike|Includes:|Strike of Builders Labourers Federation, and men in uniforms, on building site of apartment block, May or June 1970, Row 1 no. 2-6, row 6.|Gathering of men in unidentified hall, holding paperwork beside a desk with books and seated in rows of chairs, Row 2 no. 3-6, row 4 no. 1-3.|Speaker and audience in unidentified hall and leaving hall, Row 1 no. 1, row 3 no. 4-6, row 5.|Small demonstration of the NSW branch of the Australian Workers Union in unidentified hall, including placards saying ""NSW branch AWU say hands off elected officials"", ""members say stop the Oliver Twist"", ""hands off McKay, Leen, Barns, Hogan"", Row 4 no. 1-2.",,public speaking|posters & placards|demonstrations|construction sites,Australian Builders' Labourers' Federation|Australian Workers Union. New South Wales Branch,
1,11.0,548,ITEM,"Item 548: Tribune negatives including 5th National Conference procession of the Union of Australian Women, n.d.",ON 161/Item 548,1342062,110374864,IE4565165,[n.d.],1970-01-01 00:00:00,1972-12-31 00:00:00,36 negatives,http://archival.sl.nsw.gov.au/Details/archive/110374864,http://archival.sl.nsw.gov.au/Details/archive/110374753,36,FL4565241|FL4565242|FL4565243|FL4565244|FL4565245|FL4565246|FL4565247|FL4565248|FL4565249|FL4565250|FL4565251|FL4565252|FL4565253|FL4565254|FL4565255|FL4565256|FL4565257|FL4565258|FL4565259|FL4565260|FL4565261|FL4565262|FL4565263|FL4565264|FL4565265|FL4565266|FL4565267|FL4565268|FL4565269|FL4565270|FL4565271|FL4565272|FL4565273|FL4565274|FL4565275|FL4565276,"Includes:|Speakers and audience in unidentified hall, Row 1, row 2 no. 1-3.|Exterior of Australian Broadcasting Corporation buildings, Row 2 no. 4-6, row 3 no. 1.|Procession of the Union of Australian Women, 5th National Conference, down street into unidentified park, Row 3, no. 2-6, row 4 no. 1-2.|Speakers and audience on lawn outside Fisher Library at the University of Sydney, Row 4, no. 3-6, row 5 no. 1-5.",,meetings|processions|posters & placards|demonstrations|facades (places),Australian Broadcasting Corporation|Union of Australian Women,University of Sydney Library (N.S.W.)
1,12.0,566,ITEM,"Item 566: Tribune negatives including Vietnam Moratorium meeting, and demonstration of the A.C.T.U, n.d.",ON 161/Item 566,1344309,110374940,IE4572184,[n.d.],1970-01-01 00:00:00,1972-12-31 00:00:00,34 negatives,http://archival.sl.nsw.gov.au/Details/archive/110374940,http://archival.sl.nsw.gov.au/Details/archive/110374754,35,FL4572222|FL4572223|FL4572224|FL4572225|FL4572226|FL4572227|FL4572228|FL4572229|FL4572230|FL4572231|FL4572232|FL4572233|FL4572234|FL4572235|FL4572236|FL4572237|FL4572238|FL4572239|FL4572240|FL4572241|FL4572242|FL4572243|FL4572244|FL4572245|FL4572246|FL4572247|FL4572248|FL4572249|FL4572250|FL4572251|FL4572252|FL4572253|FL4572254|FL4572255|FL4572256,"Includes:|Speaker and audience, including members of Catholic religious orders, at unidentified conference at Town Hall, Rows 1-2.|Meeting about the Vietnam Moratorium, September 18, 19 and 20, Row 3 no. 1-4.|Large demonstration of the Australian Council of Trade Unions ""Budget Protest"" in unidentified park, Row 4 no. 5-6, rows 5-6.",,public speaking|demonstrations|posters & placards|banners|nuns,Australian Council of Trade Unions,"Sydney Town Hall (Sydney, N.S.W.)"
1,12.0,567,ITEM,"Item 567: Tribune negatives including demonstration of the A.C.T.U. and a conference for the Vietnam Moratorium, n.d.",ON 161/Item 567,1344310,110374941,IE4569380,[n.d.],1970-01-01 00:00:00,1972-12-31 00:00:00,36 negatives,http://archival.sl.nsw.gov.au/Details/archive/110374941,http://archival.sl.nsw.gov.au/Details/archive/110374754,36,FL4569438|FL4569439|FL4569441|FL4569443|FL4569444|FL4569447|FL4569449|FL4569451|FL4569452|FL4569454|FL4569456|FL4569458|FL4569460|FL4569463|FL4569465|FL4569466|FL4569468|FL4569470|FL4569473|FL4569475|FL4569476|FL4569477|FL4569478|FL4569480|FL4569482|FL4569484|FL4569486|FL4569487|FL4569488|FL4569490|FL4569492|FL4569493|FL4569494|FL4569497|FL4569498|FL4569499,"Includes:|Large demonstration of the Australian Council of Trade Unions ""Budget Protest"" in unidentified park, Row 1, row 2 no. 1-3.|Demonstration about pensions, in Hyde Park, Row 3.|Conference with luncheon for the Vietnam Moratorium, with displays of portrait photographs, Row 5 no. 4-6, row 6.",,demonstrations|portraits|lunches|posters & placards|banners|public speaking,Australian Council of Trade Unions,"Hyde Park (Sydney, N.S.W.)"
1,12.0,579,ITEM,"Item 579: Tribune negatives including demonstration on various issues, n.d.",ON 161/Item 579,1344358,110374979,IE4571478,[n.d.],1970-01-01 00:00:00,1972-12-31 00:00:00,36 negatives,http://archival.sl.nsw.gov.au/Details/archive/110374979,http://archival.sl.nsw.gov.au/Details/archive/110374754,36,FL4571547|FL4571549|FL4571551|FL4571554|FL4571556|FL4571557|FL4571558|FL4571559|FL4571560|FL4571563|FL4571564|FL4571566|FL4571568|FL4571569|FL4571571|FL4571573|FL4571574|FL4571575|FL4571577|FL4571581|FL4571582|FL4571583|FL4571586|FL4571587|FL4571589|FL4571591|FL4571592|FL4571595|FL4571596|FL4571597|FL4571598|FL4571600|FL4571602|FL4571603|FL4571604|FL4571605,"Includes:|Demonstration procession through city streets protesting various issues including wages for pensioners and wharf workers, education, and opposition to the Vietnam War, Row 1 no. 5-6, rows 2-5.",,demonstrations|city & town streets|banners|posters & placards|processions|workers,Federated Miscellaneous Workers' Union of Australia|Amalgamated Engineering Union.|Boilermakers' and Blacksmiths' Society of Australia,
1,13.0,608,ITEM,"Item 608: Tribune negatives including demonstration by the Union of Australian Women, n.d.",ON 161/item 608,1344437,110375043,IE4574862,[n.d.],1970-01-01 00:00:00,1972-12-31 00:00:00,36 negatives,http://archival.sl.nsw.gov.au/Details/archive/110375043,http://archival.sl.nsw.gov.au/Details/archive/110374766,36,FL4574942|FL4574945|FL4574946|FL4574951|FL4574952|FL4574958|FL4574961|FL4574963|FL4574964|FL4574965|FL4574967|FL4574969|FL4574972|FL4574974|FL4574976|FL4574979|FL4574981|FL4574983|FL4574985|FL4574987|FL4574988|FL4574989|FL4574991|FL4574994|FL4574996|FL4575000|FL4575001|FL4575004|FL4575006|FL4575008|FL4575009|FL4575010|FL4575011|FL4575013|FL4575014|FL4575015,"Includes:|Demonstration by the Union of Australian Women about bread prices, including placards saying ""support C.A.R.P. campaign against rising prices"", Row 4, row 5 no. 1-3.|Speakers and audience at a meeting in an unidentified hall, Row 5 no. 4-6, row 6.",,demonstrations|posters & placards|meetings|public speaking,Union of Australian Women,
1,13.0,623,ITEM,"Item 623: Tribune negatives including May Day rally, 1971",ON 161/Item 623,1344486,110375083,IE4575390,1971,1971-01-01 00:00:00,1971-12-31 00:00:00,36 negatives,http://archival.sl.nsw.gov.au/Details/archive/110375083,http://archival.sl.nsw.gov.au/Details/archive/110374766,36,FL4575464|FL4575468|FL4575470|FL4575472|FL4575474|FL4575477|FL4575481|FL4575484|FL4575485|FL4575487|FL4575491|FL4575494|FL4575495|FL4575496|FL4575497|FL4575498|FL4575502|FL4575506|FL4575508|FL4575509|FL4575511|FL4575512|FL4575514|FL4575517|FL4575518|FL4575520|FL4575522|FL4575524|FL4575525|FL4575526|FL4575528|FL4575530|FL4575531|FL4575536|FL4575539|FL4575540,"Includes:|May Day rally through Sydney streets protesting various issues including the release of political prisoners in Fascist Spain, the Australian Council of Trade Unions protesting pensions, and apartheid, 1971.",,demonstrations|city & town streets|posters & placards|banners|workers|Aboriginal peoples (Australians)|Fascists|prisoners|pensions|apartheid,"Australian Council of Trade Unions|Amalgamated Metal Workers' Union (Australia)|Women's Liberation (Sydney, N.S.W.)|Sydney Wharf Labourers' Union",
1,13.0,624,ITEM,"Item 624: Tribune negatives including May Day rally, 1971",ON 161/Item 624,1344503,110375100,IE4576329,1971,1971-01-01 00:00:00,1971-12-31 00:00:00,26 negatives,http://archival.sl.nsw.gov.au/Details/archive/110375100,http://archival.sl.nsw.gov.au/Details/archive/110374766,31,FL4576371|FL4576373|FL4576374|FL4576375|FL4576376|FL4576377|FL4576378|FL4576380|FL4576382|FL4576383|FL4576385|FL4576386|FL4576387|FL4576388|FL4576389|FL4576391|FL4576393|FL4576394|FL4576395|FL4576396|FL4576397|FL4576399|FL4576401|FL4576403|FL4576404|FL4576405|FL4576406|FL4576407|FL4576408|FL4576410|FL4576411,"Includes:|May Day rally through Sydney streets past Sydney Town Hall, protesting various issues including the political situation in Greece, the removal of military forces from Indo-China, and apartheid, 1971.",,demonstrations|posters & placards|banners|city & town streets|Vietnam War|apartheid,Australian Council of Trade Unions|Seamen's Union of Australia,"Sydney Town Hall (Sydney, N.S.W.)"
1,14.0,697,ITEM,"Item 697: Tribune negatives including the Aboriginal Tent Embassy May, 1972, and AMWU meeting at Wentworth Park, 3 May 1972",ON 161/697,965303,110366675,IE456340,May 1972,1972-05-01 00:00:00,1972-05-08 00:00:00,40 negatives,http://archival.sl.nsw.gov.au/Details/archive/110366675,http://archival.sl.nsw.gov.au/Details/archive/110366672,40,FL456342|FL456345|FL456347|FL456349|FL456350|FL456352|FL456354|FL456356|FL456358|FL456360|FL456362|FL456364|FL456365|FL456367|FL456369|FL456371|FL456372|FL456373|FL456375|FL456377|FL456379|FL456380|FL456381|FL456383|FL456384|FL456386|FL456387|FL456389|FL456391|FL456392|FL456394|FL456395|FL456397|FL456399|FL456401|FL456403|FL456405|FL456407|FL456409|FL456410,"Image descriptions provided by cataloguer.|13-14. Group at the Aboriginal Tent Embassy, Canberra.|18-31. Amalgamated Metal Workers' Union meeting at Wentworth Park, Sydney, 3 May 1972.|32. Bob Hawke addressing a meeting.|33-35. Amalgamated Metal Workers' Union meeting at Wentworth Park, Sydney, 3 May 1972.|36-40. University of Sydney student Lyn Regan.",Aboriginal Australians--Land tenure.|Aboriginal Australians--Civil rights.|Australia--Race relations.,,"Aboriginal Tent Embassy (Canberra, A.C.T.)|Regan, Lyn|Hawke, Bob, 1929-|Amalgamated Metal Workers' Union (Australia)","Aboriginal Tent Embassy (Canberra, A.C.T.)|Wentworth Park (Sydney, N.S.W.)"
